<?xml version="1.0" encoding="UTF-8"?>
<project-private xmlns="http://www.netbeans.org/ns/project-private/1">
    <editor-bookmarks xmlns="http://www.netbeans.org/ns/editor-bookmarks/2" lastBookmarkId="0"/>
    <open-files xmlns="http://www.netbeans.org/ns/projectui-open-files/2">
        <group>
            <file>file:/D:/sem8/advanced%20java/JSP/Pharmacy%20Management%20System/src/Login.java</file>
            <file>file:/D:/sem8/advanced%20java/JSP/Pharmacy%20Management%20System/src/ViewUser.java</file>
            <file>file:/D:/sem8/advanced%20java/JSP/Pharmacy%20Management%20System/src/AdminDashboard.java</file>
            <file>file:/D:/sem8/advanced%20java/JSP/Pharmacy%20Management%20System/src/PharmacistDashboard.java</file>
        </group>
    </open-files>
</project-private>
